loc_rowid,pl_orbsmax,pl_rade,st_rad,st_lum
40,156.0,16.141,0.28,-2.23
111,0.01583,2.173,0.96,-0.197
116,0.01544,1.92,0.96,-0.197
118,0.01544,1.91,0.96,-0.197
163,0.066,4.203,0.75,-1.046
164,0.0649,3.957,0.74,-1.038
170,0.1108,2.522,0.74,-1.038
186,0.241,2.23,0.93,-0.056
193,1662.0,14.684,0.8,0.356
218,200.0,20.849,0.24,-2.85
221,7506.0,12.442,0.39,-1.732
239,0.0392,15.065,1.05,0.07
259,0.0288,12.846,0.88,-0.17
266,0.0518,14.46,1.65,0.544
282,0.0891,11.209,1.16,0.17
324,0.0495,14.079,1.11,0.18
346,0.0636,6.938,0.8,-0.4
352,0.071,6.389,0.79,-0.155
381,0.0296,0.908,0.66,-0.364
482,0.07229,11.781,1.59,0.526
494,0.0385,2.025,0.31,-1.971
503,0.0153,1.13,0.21,-2.359
516,0.01505,2.733,0.22,-2.409
518,0.0149,2.742,0.21,-2.337
534,0.00916,1.193,0.39,-1.708
541,0.1915,2.61,0.69,-0.686
572,0.03165,2.13,0.52,-1.342
600,0.0348,4.2,0.5,-1.538
610,0.01589,1.264,0.36,-1.824
616,0.035,1.217,0.34,-1.798
624,0.0071,0.718,0.46,-1.541
625,0.00709,0.699,0.46,-1.539
630,0.02569,1.15,0.32,-1.937
631,0.0252,1.09,0.32,-1.963
643,0.2324,2.63,0.68,-0.924
644,1.4,8.4,0.68,-0.924
666,0.02872,4.222,0.46,-1.585
682,0.01734,1.305,0.33,-1.917
745,0.01406,1.331,0.41,-1.585
823,0.0338,16.477,1.56,0.727
848,0.0551,15.244,1.15,0.18
853,0.0553,13.922,1.14,0.17
871,0.053,4.73,0.75,-0.585
889,0.0384,10.749,0.7,-0.678
890,0.0427,14.359,1.56,0.346
908,0.0596,13.451,1.53,0.592
910,0.0606,12.89,1.47,0.563
920,0.0964,12.016,1.08,0.0
926,0.0413,14.448,1.24,0.294
937,0.0882,11.321,0.84,-0.319
953,0.0559,11.153,0.75,-0.569
959,0.0466,12.689,0.82,-0.432
966,0.04599,11.299,0.77,-0.485
967,0.06878,12.969,1.64,0.577
968,0.0677,11.007,1.47,0.485
977,0.0679,11.243,1.51,0.505
991,0.0361,9.718,0.69,-0.721
997,0.0494,11.478,1.1,0.025
1006,0.0414,12.106,1.04,-0.114
1022,0.0232,15.334,1.2,0.199
1026,0.0465,13.922,1.32,0.408
1036,0.0466,13.339,0.96,-0.125
1040,0.0466,12.722,0.92,-0.152
1045,0.0479,6.333,0.79,-0.42
1051,0.0403,11.635,0.9,-0.244
1054,0.04,11.43,0.86,-0.269
1059,0.0434,13.585,1.1,0.053
1065,0.0665,11.926,1.24,0.283
1066,0.0667,12.408,1.22,0.265
1077,0.03866,9.27,0.8,-0.362
1084,0.03894,9.976,0.82,-0.355
1086,0.03882,10.077,0.83,-0.348
1091,0.0419,15.02,1.22,0.312
1103,0.055,11.99,1.36,0.348
1105,0.0343,20.053,1.22,0.294
1109,0.03397,22.194,1.37,0.338
1123,0.0499,18.898,1.64,0.618
1130,0.0677,13.417,1.53,0.56
1141,0.0498,14.93,1.44,0.407
1146,0.0238,14.168,1.1,0.013
1151,0.02402,15.211,1.11,0.022
1158,0.0379,13.204,0.88,-0.208
1165,0.0523,9.247,0.92,-0.208
1170,0.0509,17.609,1.62,0.607
1180,0.0446,14.235,1.59,0.428
1185,0.0608,19.392,2.21,0.778
1194,0.0426,18.887,1.68,0.628
1205,0.0575,14.348,1.53,0.356
1212,0.0443,14.359,1.1,0.045
1220,0.0507,13.922,0.95,-0.194
1224,0.0452,15.984,1.32,0.4
1227,0.0577,14.392,1.4,0.391
1237,0.0438,15.838,1.83,0.814
1242,0.04075,14.12,1.17,0.187
1250,0.0453,14.437,1.7,0.603
1255,0.05069,14.493,1.04,-0.066
1258,0.05042,13.507,0.99,-0.102
1262,0.03694,11.31,0.89,-0.305
1269,0.03159,14.773,1.21,0.217
1274,0.04117,10.581,0.62,-0.902
1283,0.04628,14.841,1.1,0.097
1301,0.0406,15.838,1.5,0.806
1307,0.04994,14.93,1.53,0.456
1309,0.05064,12.588,1.1,0.054
1318,0.05237,14.908,1.46,0.555
1319,0.05235,14.908,1.46,0.553
1325,0.06277,18.282,2.2,0.809
1326,0.0301,10.077,0.94,-0.115
1328,0.03772,12.027,1.17,0.091
1331,0.04294,12.543,0.97,-0.146
1332,0.05387,19.089,1.74,0.668
1336,0.03951,21.185,1.86,0.555
1339,0.04042,18.058,1.67,0.473
1344,0.04363,17.822,1.88,0.615
1345,0.06505,23.371,2.55,0.939
1350,0.02996,12.016,0.67,-0.779
1355,0.06555,18.786,1.93,1.0
1358,0.0377,15.043,1.99,0.814
1381,0.04739,20.961,1.86,1.223
1386,0.0487,16.81,1.58,0.519
1394,0.05287,15.614,1.34,0.418
1396,0.053,15.69,1.32,0.41
1403,0.0444,14.594,1.04,0.041
1410,0.04491,10.862,1.1,0.117
1413,0.04614,16.926,1.44,0.403
1421,0.04795,15.132,2.21,0.863
1437,0.02712,12.386,0.92,-0.204
1441,0.03744,14.572,1.24,0.173
1446,0.1308,8.709,1.09,0.093
1450,0.01761,14.986,1.02,-0.032
1457,0.023,13.092,0.9,-0.268
1462,0.05025,10.682,0.69,-0.646
1465,0.03397,20.849,1.2,0.155
1468,0.0238,15.637,1.12,0.19
1474,0.02547,16.668,1.17,0.292
1479,0.05163,14.123,1.11,0.068
1482,0.04735,19.616,2.04,0.704
1489,0.0611,16.814,1.74,0.669
1492,0.04131,13.384,0.92,-0.157
1499,0.05475,14.022,1.07,0.029
1500,0.0485,15.48,1.4,0.456
1508,0.04354,13.171,1.06,0.097
1513,0.0478,18.383,1.87,0.619
1517,0.04024,14.0,1.1,0.057
1524,0.03727,13.787,1.02,-0.018
1528,0.03166,16.029,0.98,-0.14
1535,0.03199,16.41,1.43,0.465
1537,0.05425,13.843,1.16,0.215
1540,0.04913,6.793,0.88,-0.256
1541,0.05036,6.882,1.1,0.072
1545,0.06007,17.598,1.62,0.64
1551,0.0362,11.433,0.93,-0.187
1556,0.04997,17.71,2.26,0.903
1563,0.0583,14.908,1.71,0.653
1568,0.03689,15.693,1.48,0.425
1574,0.04944,13.227,0.81,-0.398
1576,0.03649,11.96,0.85,-0.398
1579,0.05511,14.415,1.31,0.425
1584,0.05367,10.122,0.85,-0.23
1591,0.04269,12.52,0.66,-0.796
1595,0.03769,8.967,0.72,-0.709
1597,0.04515,8.575,0.7,-0.785
1602,0.0542,10.223,0.87,-0.268
1606,0.05046,12.666,1.12,0.143
1610,0.04639,15.805,1.44,0.31
1613,0.02498,15.491,1.05,0.068
1618,0.04753,15.02,1.1,0.045
1621,0.037,11.377,1.23,0.115
1622,0.03763,11.96,1.32,0.212
1626,0.05412,14.022,1.13,0.229
1629,0.06043,18.921,2.2,0.898
1632,0.03493,12.767,0.96,-0.094
1638,0.05798,12.274,1.43,0.689
1640,0.06112,12.621,1.04,-0.004
1652,0.04708,12.924,1.46,0.3
1655,0.07908,13.395,1.66,0.369
1658,0.04163,11.825,0.93,-0.173
1659,0.04026,13.529,1.07,0.012
1663,0.06562,18.82,2.11,0.867
1668,0.04497,16.825,1.31,0.377
1671,0.04714,15.816,1.84,0.767
1673,0.03032,18.887,1.44,0.547
1678,0.05071,13.809,1.75,0.592
1683,0.03211,10.593,0.88,-0.318
1685,0.04012,6.311,0.81,-0.434
1693,0.03632,15.513,1.88,1.079
1696,0.03745,11.478,0.48,-1.56
1700,0.066517,8.097,0.72,-0.659
1704,0.02384,11.568,0.58,-1.216
1706,0.032742,9.909,0.58,-1.197
1708,0.02658,12.094,0.63,-1.038
1709,0.03607,13.058,0.64,-0.992
1718,0.03048,11.938,1.5,0.23
1791,0.08887,2.4,1.28,0.35
1792,0.09012,2.23,1.18,0.29
1795,0.1503,4.4,1.28,0.35
1798,0.1526,3.95,1.18,0.29
1824,0.04527,1.615,0.88,-0.15
1829,0.062,2.071,0.88,-0.15
1832,0.1074,2.539,0.88,-0.15
1839,0.1367,3.083,0.88,-0.15
1840,0.1758,2.017,0.88,-0.15
1881,0.113,3.2,1.19,0.281
1913,0.5109,11.209,1.49,0.583
1962,0.07071,12.733,2.1,0.618
1966,0.08635,12.061,1.99,0.646
2073,0.0969,1.482,1.01,0.034
2075,0.0964,1.664,1.06,0.016
2076,0.1721,2.916,1.06,0.016
2079,0.1729,2.608,1.01,0.034
2083,0.425,2.562,1.06,0.016
2106,0.1003,11.467,2.34,0.635
2107,0.1097,11.5,2.34,0.66
2186,0.04313,7.331,1.37,0.386
2188,0.042,8.127,1.45,0.43
2220,0.05245,1.699,0.84,-0.326
2223,0.1235,2.522,0.84,-0.326
2278,0.09,2.24,0.76,-0.569
2280,0.141,2.93,0.76,-0.569
2405,0.1614,11.43,1.44,0.412
2491,0.1334,3.55,0.98,0.012
2504,0.048,2.6,0.77,-0.429
2535,0.03099,12.756,0.76,-0.48
2542,0.03106,12.543,0.77,-0.465
2574,0.078,3.39,0.94,-0.187
2575,0.0814,3.42,0.94,-0.161
2576,0.0804,3.41,0.94,-0.187
2578,0.1762,3.23,0.94,-0.161
2580,0.17,3.08,0.94,-0.187
2581,0.1752,3.195,0.94,-0.187
2582,0.215,3.16,0.94,-0.161
2583,0.207,3.04,0.94,-0.187
2585,0.2132,2.995,0.94,-0.187
2643,0.05208,17.318,2.59,0.971
2649,0.018,1.72,1.13,0.049
2691,0.1163,2.501,0.78,-0.444
2714,0.049,15.805,1.2,0.248
2722,0.04707,15.233,1.16,0.21
2753,0.02012,1.745,1.1,0.139
2798,0.0695,0.892,0.69,-0.686
2814,0.03863,1.533,0.78,-0.577
2816,0.0382,1.606,0.78,-0.577
2817,0.03876,1.602,0.78,-0.577
2818,0.0653,1.511,0.78,-0.577
2823,0.0652,1.507,0.78,-0.577
2827,0.237,1.61,0.78,-0.577
2828,0.1463,1.31,0.78,-0.577
2861,0.1228,9.17,2.94,0.712
2899,0.1162,2.0,0.71,-0.625
2900,0.121,1.872,0.73,-0.636
2901,0.17,2.149,0.73,-0.636
2903,0.1646,1.87,0.71,-0.625
2904,0.04298,0.75,0.71,-0.625
2906,0.068,0.818,0.71,-0.625
2908,0.0906,1.137,0.71,-0.625
2911,0.072,2.045,0.79,-0.443
2940,0.02933,1.24,0.44,-1.44
2942,0.04749,1.533,0.44,-1.44
2951,0.0568,16.141,1.56,0.668
3026,0.01802,1.627,0.87,-0.27
3032,0.1783,2.923,0.87,-0.27
3062,0.1436,9.718,1.28,0.305
3264,0.1202,2.45,1.19,0.28
3283,0.229,3.71,1.75,1.158
3305,0.0714,2.112,0.91,-0.125
3306,0.0719,2.15,0.91,-0.123
3309,0.1448,2.521,0.91,-0.125
3312,0.1458,2.67,0.91,-0.123
3315,0.0503,1.073,0.91,-0.125
3402,0.05995,2.84,0.68,-0.744
3408,0.1233,2.73,0.68,-0.744
3475,0.0166,1.613,1.22,0.24
3530,0.049,2.16,1.05,0.072
3560,0.1066,7.398,1.75,0.425
3561,0.1115,7.263,1.73,0.433
3563,0.105,6.86,1.66,0.356
3586,0.02085,1.35,1.04,0.098
3588,0.04813,3.228,1.04,0.098
3606,0.262,3.89,0.87,-0.31
3630,0.08,2.247,0.74,-0.45
3691,0.107,3.48,0.98,-0.155
3693,0.0436,1.58,0.98,-0.155
3694,0.0649,1.37,0.98,-0.155
3739,0.01782,22.754,0.72,-0.678
3804,0.048,2.085,1.31,0.371
3806,0.0674,1.939,1.31,0.371
3808,0.1027,2.164,1.31,0.371
3901,0.0621,1.9,1.23,0.279
3908,0.0558,10.424,1.05,0.009
3918,0.0943,10.447,0.82,-0.445
3942,0.0188,2.03,0.51,-1.357
3945,0.0491,1.94,0.51,-1.357
3981,0.0288,1.22,0.61,-1.102
3985,0.1641,2.66,0.59,-1.143
4035,0.0916,12.207,4.11,0.943
4036,0.033,1.31,0.47,-1.444
4037,0.03194,1.34,0.46,-1.479
4038,0.045,1.48,0.47,-1.444
4039,0.04341,1.603,0.46,-1.479
4040,0.077,2.02,0.47,-1.444
4042,0.07487,2.003,0.46,-1.479
4043,0.1346,1.73,0.46,-1.479
4046,0.0707,1.014,0.68,-0.777
4047,0.1185,3.0,0.68,-0.777
4051,0.11728,3.03,0.71,-0.785
4053,0.1538,1.565,0.68,-0.777
4089,0.0591,12.274,0.99,-0.049
4098,0.0248,2.25,0.35,-1.824
4105,0.0266,2.2,0.35,-1.824
4108,0.0327,2.59,0.35,-1.824
4111,0.0159,1.38,0.55,-1.292
4113,0.0454,1.33,0.63,-0.996
4115,0.0616,1.73,0.63,-0.996
4117,0.0774,1.64,0.63,-0.996
4118,0.083,1.64,0.57,-1.31
4123,0.0727,2.0,0.44,-1.585
4125,0.0365,1.35,0.43,-1.553
4130,0.1735,2.81,0.63,-1.06
4131,0.0601,2.0,0.49,-1.367
4133,0.0408,2.23,0.65,-1.018
4135,0.0683,2.1,0.65,-1.018
4138,0.0546,1.55,0.53,-1.229
4142,0.092,1.95,0.53,-1.229
4144,0.1886,1.64,0.53,-1.229
4180,0.0999,2.264,1.46,0.436
4238,0.1591,2.61,0.44,-1.597
4265,0.0526,2.69,0.79,-0.408
4414,0.0382,1.73,0.68,-0.733
4418,0.0662,2.85,0.68,-0.733
4478,0.028,1.75,0.72,-0.721
4540,0.0991,11.859,1.23,0.216
4542,0.10356,11.209,1.16,0.238
4545,0.03317,1.398,0.74,-0.523
4546,0.06687,1.335,0.74,-0.523
4548,0.1527,2.64,0.74,-0.523
4555,0.03558,16.197,1.26,0.371
4562,0.0441,1.1,0.36,-1.796
4563,0.0576,1.0,0.36,-1.796
4564,0.0685,1.1,0.36,-1.796
4572,0.154,5.68,1.21,0.158
4573,0.247,7.82,1.21,0.158
4581,0.0513,2.0,0.54,-1.276
4582,0.1159,1.8,0.54,-1.276
4598,0.0287,3.44,0.29,-2.088
4614,0.0962,2.67,0.52,-1.31
4624,0.1087,9.505,1.64,0.346
4626,0.1034,9.528,1.64,0.328
4632,0.2573,2.41,0.85,-0.26
4645,0.01306,3.3,0.7,-0.823
4646,0.0679,0.705,0.7,-0.823
4649,0.1035,2.93,0.7,-0.823
4651,0.1249,2.73,0.7,-0.823
4775,0.04771,2.78,0.61,-1.013
4783,0.1768,2.1,0.62,-1.046
4785,0.164,1.9,0.32,-1.93
4792,0.04097,11.209,0.75,-0.427
4806,0.03261,1.589,0.9,-0.166
4815,0.0747,2.078,0.55,-1.231
4816,0.0777,2.29,0.6,-1.15
4837,0.1413,1.77,0.6,-1.15
4839,0.1357,1.582,0.55,-1.231
4847,0.2014,1.458,0.55,-1.231
4851,0.2097,1.65,0.6,-1.15
4857,0.04839,11.646,0.84,-0.256
4858,0.0419,11.982,0.84,-0.27
4864,0.04986,13.406,0.94,-0.112
4920,0.1016,8.676,0.82,-0.325
4923,0.0409,5.76,1.1,-0.83
4966,0.0465,15.435,1.58,0.484
4970,0.04419,15.132,1.53,0.471
5049,0.0223,1.43,0.72,-0.57
5059,0.054,3.2,0.72,-0.57
5135,0.04994,1.54,1.06,0.037
5138,0.09514,2.29,1.06,0.037
5255,0.027,1.015,0.2,-2.455
5257,0.088,2.66,0.55,-1.27
5258,0.063,3.31,0.58,-1.202
5500,0.017,1.08,0.54,-1.327
5503,0.091,2.25,0.31,-1.921
5523,0.0653,3.47,0.4,-1.678
5551,0.02466,12.442,1.46,0.542
5558,0.0525,15.681,1.21,0.217
5566,0.06229,15.356,2.72,0.744
5572,0.06708,19.952,2.37,0.892
5573,0.02956,17.038,1.37,0.279
5581,0.04613,16.175,1.48,0.412
5588,0.02044,15.861,1.36,0.401
5592,0.04881,17.094,1.65,0.876
5595,0.0455,17.598,1.91,0.813
5601,0.0637,21.409,1.83,0.978
5614,0.0542,19.515,1.56,1.104
5617,0.05224,17.777,1.64,0.905
5619,0.03302,14.83,1.0,0.034
5626,0.06969,14.258,1.51,0.565
5637,0.04122,15.076,1.47,0.489
5640,0.04317,19.044,1.6,0.535
5648,0.07939,13.372,1.58,0.493
5651,0.04415,17.183,1.73,0.758
5671,0.03462,21.196,2.36,1.724
6156,0.006,0.759,0.2,1.36
6157,0.0076,0.867,0.2,1.36
6168,0.05119,1.71,1.52,0.479
6189,0.1013,4.32,1.52,0.479
6202,0.1684,11.27,1.52,0.479
6215,0.3046,6.56,1.52,0.479
6249,0.01685,1.47,1.06,0.002
6256,0.01684,1.416,1.06,0.002
6266,0.2407,2.227,1.06,0.002
6276,0.241,2.35,1.06,0.002
7007,0.066,4.81,1.58,0.607
7946,0.751,7.084,1.15,0.158
9463,0.3006,1.34,0.45,-1.533
10389,0.178,2.9,1.17,0.155
11438,0.0753,0.64,0.54,-1.252
11456,0.0913,1.51,0.54,-1.252
11473,0.1288,1.51,0.54,-1.252
11886,0.2543,2.15,0.57,-1.158
12387,0.2149,1.93,0.52,-1.247
12923,0.05714,10.76,0.99,-0.087
12974,1.24,3.64,0.91,-0.161
13108,0.1097,0.8,0.39,-1.695
13129,0.753,12.42,1.29,0.328
13132,0.0997,1.176,1.29,0.328
13512,0.5421,1.79,0.71,-0.606
13565,0.0526,1.73,0.53,-1.21
13577,0.2254,1.97,0.53,-1.21
14044,0.546,2.91,0.7,-0.652
14105,0.05511,1.715,1.12,0.004
14114,0.1192,3.76,1.12,0.004
14174,0.6421,2.23,0.92,-0.171
14486,0.745,1.6,0.83,-0.114
14653,0.1654,1.6,0.38,-1.638
14657,0.4706,2.17,0.69,-0.636
14665,2.026,9.18,1.18,0.09
14808,0.04825,1.718,0.75,-0.539
14813,0.0483,1.615,0.73,-0.57
14823,0.0684,1.548,0.73,-0.57
14829,0.0684,1.674,0.75,-0.539
14834,0.1405,1.194,0.73,-0.57
14843,0.1404,1.238,0.75,-0.539
14847,1.883,10.16,0.75,-0.539
14849,1.89,10.15,0.73,-0.57
15166,0.02591,14.68,1.01,0.012
15223,2.027,11.949,1.7,0.452
15232,1.64,9.96,1.12,0.182
16230,0.0447,2.0,1.11,-0.031
16233,0.0752,5.49,1.11,-0.031
16251,0.1172,6.98,1.11,-0.031
16884,0.0343,1.07,0.47,-1.385
16897,0.0451,1.25,0.47,-1.385
16915,0.0781,1.4,0.47,-1.385
16935,0.11,1.27,0.47,-1.385
16946,0.432,1.17,0.52,-1.26
16951,0.356,1.11,0.47,-1.385
17627,0.194,1.992,0.92,-0.092
18327,0.04537,1.91,0.94,-0.149
18349,0.093,3.07,0.94,-0.149
18359,0.3453,2.75,0.94,-0.149
18705,0.042717,1.639,1.9,0.715
18992,0.849,2.38,0.98,-0.102
19376,0.075,1.9,1.52,0.362
19383,0.099,3.2,1.52,0.362
19524,0.03482,2.169,0.49,-1.253
19544,0.06141,1.201,0.49,-1.253
19552,0.115,2.024,0.49,-1.253
19570,0.2012,2.007,0.49,-1.253
19707,0.08,2.4,1.07,0.064
19721,0.106,2.8,1.07,0.064
21288,0.21,2.15,1.0,0.061
21292,0.51,11.59,1.0,0.061
21303,0.33,2.68,1.0,0.061
21560,0.149,1.48,0.43,-1.569
21567,0.283,1.75,0.43,-1.569
22635,0.0677,1.74,1.82,0.556
22656,0.1189,3.2,1.82,0.556
22668,0.1662,5.35,1.82,0.556
22683,0.2138,4.02,1.82,0.556
22694,0.2535,4.46,1.82,0.556
23002,1.0896,8.564,1.16,0.173
23258,0.60347,8.16,1.03,-0.027
23543,0.1153,1.486,1.63,0.462
23554,0.1283,3.679,1.63,0.462
24399,0.05993,1.186,0.55,-1.194
24424,0.1743,1.336,0.55,-1.194
24526,0.0456,4.002,1.49,0.354
24789,0.1226,2.647,1.43,0.462
24791,0.1226,2.838,1.35,0.435
24809,0.038,1.88,0.79,-0.509
24973,0.0116,0.78,0.17,-2.62
24988,0.006,0.73,0.17,-2.62
24991,0.0154,0.57,0.17,-2.62
25005,1.219,4.16,0.76,-0.398
25013,0.082,12.89,1.24,0.24
25022,0.0396,13.45,0.99,-0.018
25043,0.044,9.98,0.94,-0.15
25057,0.0464,10.962,0.86,-0.323
25065,0.0414,12.22,0.92,-0.089
25076,0.091,13.79,1.35,0.29
25099,0.0433,12.11,0.8,-0.39
25104,0.044,12.55,1.34,0.326
25179,0.0679,16.25,2.26,0.88
25186,0.1143,12.67,1.38,0.33
25204,0.0948,22.31,3.21,1.129
25216,0.339,2.73,0.7,-0.701
25232,0.288,2.14,0.68,-0.762
25242,0.166,1.12,0.52,-1.357
25250,0.563,2.24,0.87,-0.236
25275,0.242,1.86,0.56,-1.102
25291,0.64,1.64,0.55,-1.051
25297,0.409,1.34,0.6,-0.932
25303,0.495,2.33,0.71,-0.664
25554,0.1971,9.079,0.94,-0.255
25557,0.1968,9.057,0.94,-0.255
25680,0.2962,3.03,0.96,-0.076
25682,0.991,4.62,0.96,-0.076
26064,0.05064,16.04,1.79,0.669
26912,0.04766,4.741,0.9,-0.271
26921,0.898,11.579,0.9,-0.271
27030,0.0899,1.47,0.27,-2.022
27543,0.04567,14.83,1.39,0.299
27887,0.0553,1.31,0.64,-0.678
27901,0.0929,0.54,0.64,-0.678
27914,0.12,1.95,0.64,-0.678
27924,0.427,1.61,0.64,-0.678
27929,0.718,1.41,0.64,-0.678
28044,0.08,6.11,0.9,-0.157
28659,0.0617,2.31,1.24,0.194
28669,0.09059,0.953,1.24,0.194
28789,0.1091,2.36,0.99,-0.021
28790,0.094,2.24,0.93,-0.097
28798,0.74,1.79,0.99,-0.021
28799,0.64,1.71,0.93,-0.097
28901,0.06224,16.567,1.84,0.618
28968,0.232,2.76,0.5,-1.385
29744,0.047,10.76,0.99,-0.046
29997,0.117,3.47,1.3,0.342
30005,0.187,3.72,1.3,0.342
30026,0.287,7.16,1.3,0.342
30044,0.386,3.49,1.3,0.342
30161,0.0483,15.906,1.49,0.605
30168,0.0648,2.67,0.68,-0.77
30180,0.0792,2.74,0.68,-0.77
30201,0.0372,1.53,0.68,-0.77
30205,0.0491,1.6,0.68,-0.77
30224,0.0175,1.21,0.68,-0.77
30879,1.137,8.082,1.82,0.573
31464,0.143,8.29,0.96,-0.038
31480,0.14,9.438,1.05,0.037
31482,0.225,9.225,1.05,0.037
31492,0.227,8.08,0.96,-0.038
31618,0.072,15.513,6.3,1.225
31879,0.053,1.478,0.92,-0.106
32377,0.139,2.609,0.71,-0.775
32704,0.02091,1.39,0.6,-1.172
32708,0.0233,0.8,0.31,-1.947
32710,0.02191,0.85,0.3,-1.948
32713,0.0324,1.35,0.31,-1.947
32718,0.0304,1.385,0.3,-1.948
32719,0.0486,1.521,0.3,-1.948
32720,0.052,1.57,0.31,-1.947
32726,0.0936,1.727,0.21,-2.356
32729,0.0875,1.43,0.19,-2.526
32730,0.0957,1.635,0.21,-2.488
32731,0.0946,1.73,0.22,-2.42
32732,0.02675,1.282,0.21,-2.356
32734,0.02734,1.169,0.21,-2.488
32736,0.027,1.272,0.22,-2.42
32737,0.01848,1.242,0.25,-2.146
32739,0.01251,0.696,0.33,-1.839
32741,0.01239,0.685,0.33,-1.839
32743,0.0331,0.982,0.33,-1.839
32744,0.0327,0.941,0.33,-1.839
32746,0.04,0.981,0.33,-1.839
32750,0.0404,1.088,0.5,-1.387
32752,0.00622,1.303,0.19,-2.565
32758,0.02037,0.975,0.29,-2.064
32762,0.0417,4.7,0.58,-1.125
32763,0.00978,1.212,0.18,-2.638
32765,0.00969,1.12,0.17,-2.697
32767,0.029392,2.31,0.17,-2.697
32769,0.02961,2.438,0.18,-2.638
32770,0.01992,1.032,0.18,-2.638
32771,0.01875,1.32,0.16,-2.841
32773,0.03984,1.367,0.16,-2.841
32781,0.01195,1.325,0.38,-1.783
32785,0.01203,1.35,0.38,-1.777
32788,0.0757,2.39,0.38,-1.783
32791,0.0762,2.42,0.38,-1.777
32794,0.01679,4.72,0.95,-0.149
32802,0.043,16.814,2.1,1.176
32803,0.040352,17.901,2.08,1.083
32806,0.047,17.15,1.92,1.087
32927,0.0549,12.801,1.79,0.517
32943,0.0504,14.202,1.24,0.283
32945,0.0479,13.608,1.64,0.446
32946,0.0388,11.467,0.86,-0.292
32958,0.01677,14.863,0.75,-0.592
33273,0.0434,14.011,1.17,0.188
33289,0.04689,11.781,0.83,-0.397
33300,0.02289,12.251,0.77,-0.529
33310,0.03035,13.45,1.32,0.371
33337,22.0,14.572,1.26,-0.456
33347,0.833,9.337,0.95,-0.058
33348,0.828,10.12,1.0,-0.102
33382,0.02332,12.812,0.8,-0.438
33396,0.0286,17.295,1.25,0.3
33411,0.03783,12.285,1.27,0.279
33414,0.02803,12.722,0.85,-0.318
33421,0.04127,12.408,1.08,0.056
33426,0.0423,11.904,0.72,-0.514
33431,0.0352,19.055,1.56,0.563
33433,0.0474,14.404,1.31,0.228
33438,0.0234,11.31,0.7,-0.821
33465,0.1207,12.52,1.09,0.078
33469,0.051,16.701,1.82,0.61
33470,0.369,11.209,1.06,0.097
33478,0.06152,2.587,0.73,-0.623
33481,0.09429,2.651,0.73,-0.623
33485,0.0561,14.572,1.81,0.671
33489,0.04394,3.65,0.69,-0.854
33493,0.07098,16.814,0.69,-0.854
33496,0.082,9.02,1.16,0.231
33516,0.03428,8.597,0.96,-0.135
33517,0.04988,10.514,1.45,0.304
33520,0.0287,2.415,0.51,-1.469
33522,0.0392,2.72,0.33,-1.854
33528,0.0886,9.572,0.56,-2.6
33530,0.1288,3.65,0.48,-1.487
33532,0.03826,1.694,0.62,-1.054
33535,0.03845,1.738,0.63,-1.097
33544,0.05186,2.726,0.85,-0.285
33545,0.0521,2.755,0.85,-0.293
33550,0.0814,2.759,0.85,-0.285
33551,0.0818,2.79,0.85,-0.293
33552,0.137,2.93,0.85,-0.285
33558,0.0366,2.34,0.65,-0.857
33559,0.0367,2.41,0.67,-0.889
33561,0.0657,2.76,0.67,-0.889
33562,0.0656,2.82,0.65,-0.857
33563,0.1116,3.12,0.67,-0.889
33566,0.0745,2.458,0.42,-1.58
33567,0.0728,2.62,0.44,-1.538
33569,0.1047,2.13,0.44,-1.538
33572,0.1037,1.673,0.42,-1.58
33583,0.0549,11.097,1.06,0.029
33585,0.095,12.218,0.57,-1.212
33592,0.0497,13.798,1.66,0.39
33594,0.059,9.427,1.41,0.334
33597,0.026,3.42,0.9,-0.222
33600,0.0626,15.648,1.93,0.713
33610,0.1732,6.053,1.01,0.017
33620,0.071,11.89,0.92,-0.152
33622,0.108,3.96,1.02,0.048
33625,0.046,16.701,1.92,1.068
33632,0.061,1.672,0.28,-2.155
33633,0.051,1.833,0.47,-1.373
33639,0.0285,2.18,0.47,-1.425
33641,0.106,2.47,0.47,-1.425
33644,0.0903,11.882,1.05,-0.013
33646,0.07037,14.067,1.53,0.497
33654,0.03138,14.415,1.17,0.02
33659,0.06864,13.888,2.19,0.732
33660,0.058,16.69,1.65,0.636
33664,0.01545,1.79,0.45,-1.539
33666,0.0149,1.749,0.45,-1.578
33674,0.03144,1.466,0.21,-2.363
33676,0.011557,1.459,0.46,-1.567
33682,0.03524,12.173,1.29,0.253
33689,0.033548,1.9,0.52,-1.354
33692,0.0235,3.24,0.29,-2.125
33693,0.0229,3.09,0.28,-2.148
33697,0.164,5.15,0.95,-0.048
33698,0.0914,10.817,1.78,0.461
33704,0.0391,5.05,0.62,-1.056
33706,0.074,2.44,1.15,0.25
33708,0.0742,1.695,0.75,-0.524
33718,0.1176,3.06,0.63,-1.051
33720,0.1177,3.14,0.6,-1.057
33721,0.02607,1.152,0.65,-0.879
33723,0.037,1.669,0.65,-0.879
33725,0.0592,2.572,0.65,-0.879
33726,0.0783,2.207,0.65,-0.879
33728,0.1039,2.287,0.65,-0.879
33729,0.1275,2.87,0.65,-0.879
33732,0.04882,16.141,2.17,0.736
33736,0.00812,1.258,0.68,-0.671
33738,0.012,1.37,0.69,-0.668
33740,0.0539,6.956,0.74,-0.526
33742,0.04389,11.142,0.77,-0.56
33745,0.1001,11.657,2.02,0.74
33748,0.0213,3.46,0.81,-0.432
33757,0.01932,13.978,1.08,0.08
33760,0.4254,9.079,0.82,-0.338
33764,0.0613,13.675,2.3,1.223
33765,0.04271,2.7,1.13,0.06
33768,0.0878,8.14,1.13,0.06
33771,0.3,11.299,1.32,0.415
33773,0.5516,11.814,1.08,0.114
33777,0.0892,11.893,1.46,0.387
33785,0.0632,1.821,0.54,-1.311
33789,0.0631,2.5,0.76,-0.423
33793,0.0885,3.38,0.76,-0.423
33796,0.1138,3.16,0.76,-0.423
33797,0.0752,2.04,0.53,-1.338
33800,0.05006,2.47,0.47,-1.492
33801,0.101,1.3,0.45,-1.478
33802,0.101,1.25,0.44,-1.459
33804,0.138,1.39,0.45,-1.478
33805,0.137,1.33,0.44,-1.459
33807,0.025,1.243,0.23,-2.228
33809,0.04,1.914,0.23,-2.228
33812,0.01791,15.098,1.7,0.673
33813,0.078,2.69,0.71,-0.717
33816,0.371,7.27,0.71,-0.717
33817,0.0533,2.2,0.34,-1.863
33818,0.057,2.19,0.34,-1.886
33819,0.054,2.09,0.34,-1.886
33822,0.133,3.05,0.98,-0.05
33823,0.1108,11.982,2.75,0.997
33826,0.05064,14.359,1.61,0.653
33827,0.0513,16.287,1.4,0.435
33842,0.828,11.321,1.64,0.406
33845,0.03319,19.84,1.25,0.25
33849,0.02234,3.51,1.04,-0.004
33853,0.09564,11.321,0.79,-0.401
33856,0.0854,11.153,1.56,0.484
33858,0.05009,14.37,1.57,0.533
33867,0.1363,1.74,0.46,-1.542
33871,0.158,11.209,1.05,-0.013
33872,0.04871,8.608,0.89,-0.252
33875,0.0341,1.44,0.21,-2.387
33878,0.112,10.424,1.1,0.051
33879,0.0212,1.612,0.75,-0.472
33880,0.02118,1.402,0.73,-0.471
33882,0.0749,2.18,0.73,-0.471
33883,0.0228,2.94,0.2,0.531
33888,0.0831,9.864,1.24,0.197
33890,0.0543,10.368,1.75,0.436
33894,0.0559,1.52,0.43,-1.643
33903,0.1166,11.142,2.36,1.167
33907,0.05741,2.74,0.88,-0.08
33909,0.073,11.209,1.12,0.116
33911,0.1511,8.676,0.79,-0.44
33914,0.249,10.133,0.79,-0.44
33917,0.0672,10.929,1.69,0.405
33921,0.1528,7.163,1.87,0.636
33922,0.04145,13.641,1.09,0.079
33924,0.0571,14.46,1.48,0.388
33926,0.0635,12.072,1.73,0.471
33928,0.3,12.106,1.07,-0.004
33932,0.0607,18.103,1.34,0.34
33939,0.0306,1.247,0.38,-1.77
33940,0.03197,1.206,0.38,-1.712
33943,0.0472,2.42,0.38,-1.77
33944,0.04526,2.355,0.38,-1.712
33948,0.0733,2.13,0.38,-1.77
33950,0.0721,2.133,0.38,-1.712
33954,0.0569,17.262,1.07,0.055
33957,0.03185,18.114,1.25,0.336
33958,0.0493,15.278,1.23,0.164
33961,0.0475,12.845,1.26,0.246
33962,0.03386,13.159,1.07,0.037
33964,0.0505,16.432,1.67,0.444
33969,0.02709,11.4,0.37,-1.79
33972,0.03144,12.98,0.95,-0.093
33974,0.153,12.801,1.83,0.739
33976,0.0675,12.229,1.42,0.286
33978,0.04289,23.539,1.23,0.19
33980,0.04194,8.295,0.61,-1.125
33984,0.0456,13.081,1.3,0.283
33985,0.0813,12.599,0.79,-0.344
33989,0.0263,11.142,0.5,-1.407
33991,0.03845,12.0,0.62,-1.06
33992,0.043,5.14,0.5,-1.435
33994,0.0421,18.495,1.47,0.332
33997,0.04611,13.137,1.54,0.4
33999,0.0354,6.0,0.3,-2.032
34000,0.0463,14.28,1.39,0.273
34002,0.0743,12.274,1.5,0.413
34014,0.04469,13.047,1.11,0.176
34021,0.3081,12.285,1.29,0.316
34023,0.05222,13.574,1.44,0.439
34026,0.04823,13.305,0.86,-0.287
34027,0.0336,2.43,0.23,-2.264
34029,0.03924,12.666,0.62,-1.092
34030,0.03944,12.69,0.62,-1.092
34031,0.04,13.675,0.63,-1.119
34049,0.05251,2.266,0.6,-1.127
34051,0.0814,2.415,0.6,-1.127
34054,0.0579,15.11,3.52,0.822
34055,0.201,11.209,1.29,0.362
34058,0.0534,2.52,0.37,-1.768
34061,0.04036,13.26,1.06,0.011
34064,0.0164,2.82,0.45,-1.604
34066,0.0283,1.91,0.88,-0.189
34067,0.0823,3.1,0.88,-0.189
34071,0.1208,4.07,0.88,-0.189
34074,0.118,12.17,0.86,-0.236
34075,0.0994,11.859,3.55,0.803
34077,0.0359,1.415,0.37,-1.693
34083,0.349,6.8,0.81,-0.377
34086,1.152,9.42,0.81,-0.377
34088,0.0888,11.68,2.74,1.017
34090,0.173,8.183,1.72,0.695
34093,0.0555,12.442,1.41,0.38
34097,0.097,11.097,1.66,0.435
34100,0.01845,8.474,0.35,-1.836
34108,0.06519,4.74,1.24,0.299
34110,0.1439,3.86,1.24,0.299
34116,0.01648,11.87,0.36,-1.836
34119,0.0159,11.545,0.35,-1.851
34120,0.0199,11.6,0.39,-1.712
34128,0.052,9.303,0.54,-1.31
34129,0.0296,5.82,0.61,-1.095
34131,0.04041,10.604,0.59,-1.213
34133,0.04,9.7,0.56,-1.244
34140,0.01223,0.903,0.19,-2.461
34146,0.332,11.31,1.06,1.057
34148,0.1291,12.173,1.5,0.547
34151,0.0723,12.229,1.23,0.227
34152,0.0106,1.37,0.83,-0.282
34154,0.01064,1.45,0.83,-0.282
34155,0.0106,1.425,0.84,-0.273
34158,0.0888,2.9,0.83,-0.282
34160,0.089,2.91,0.83,-0.282
34161,0.0884,2.91,0.84,-0.273
34163,0.158,2.82,0.84,-0.273
34165,0.159,2.82,0.83,-0.282
34166,0.328,2.55,0.84,-0.273
34167,0.33,2.55,0.83,-0.282
34170,0.02734,11.433,1.09,0.033
34177,0.0352,1.625,0.33,-1.83
34181,0.0678,18.977,1.73,0.768
34182,0.04825,3.76,0.55,-1.288
34185,0.0708,9.236,1.42,0.474
34187,0.0486,11.882,1.34,0.394
34188,0.06608,19.851,2.08,0.834
34193,0.025,5.25,0.42,-1.614
34200,0.0677,1.037,0.42,-1.635
34201,0.0677,0.914,0.42,-1.64
34203,0.0637,1.01,0.42,-1.633
34205,0.0929,2.6,0.42,-1.64
34206,0.0925,2.63,0.42,-1.633
34208,0.0929,2.65,0.42,-1.635
34209,0.1633,1.144,0.42,-1.635
34210,0.1633,1.073,0.42,-1.64
34212,0.163,1.19,0.42,-1.633
34214,0.134,0.953,0.42,-1.64
34215,0.07928,2.049,0.67,-0.728
34217,0.2447,2.701,0.67,-0.728
34220,0.3405,2.474,0.67,-0.728
34223,0.0618,1.992,0.95,-0.086
34229,0.0207,1.422,0.24,-2.26
34232,0.0652,1.85,0.54,-1.31
34236,0.1,2.02,0.54,-1.31
34237,0.06,15.4,1.71,0.76
34244,0.02177,2.926,0.69,-0.71
34259,0.04435,14.067,1.31,0.253
34261,0.1054,1.664,0.72,-0.56
34265,0.092,11.994,1.39,0.431
34267,0.056,2.426,0.53,-1.292
34269,0.312,2.167,0.53,-1.292
34271,0.04666,13.126,0.92,-0.137
34280,0.04796,4.81,1.02,-0.369
34281,0.0498,4.242,0.89,-0.359
34283,0.0847,5.79,1.02,-0.369
34285,0.088,4.793,0.89,-0.359
34287,0.04963,9.55,1.89,0.535
34293,0.01111,1.086,0.12,-3.281
34294,0.01111,1.113,0.12,-3.28
34295,0.01154,1.116,0.12,-3.257
34302,0.01522,1.049,0.12,-3.28
34304,0.01521,1.056,0.12,-3.281
34305,0.0158,1.097,0.12,-3.257
34307,0.02144,0.772,0.12,-3.281
34309,0.02227,0.788,0.12,-3.257
34312,0.02817,0.918,0.12,-3.281
34313,0.02925,0.92,0.12,-3.257
34316,0.0371,1.045,0.12,-3.281
34319,0.03849,1.045,0.12,-3.257
34321,0.0451,1.127,0.12,-3.281
34323,0.04683,1.129,0.12,-3.257
34326,0.06189,0.755,0.12,-3.257
34327,0.063,0.755,0.12,-3.281
34350,0.03925,11.96,0.81,-0.359
34366,0.03563,13.305,0.95,-0.023
34375,0.03556,14.258,1.02,0.038
34387,0.03558,13.72,1.0,0.025
34397,0.02272,14.706,0.81,-0.228
34399,0.02282,14.975,0.83,-0.204
34408,0.05105,19.986,1.85,0.656
34413,0.05092,19.627,1.82,0.642
34416,0.05091,20.165,2.01,0.726
34438,0.1719,9.729,1.28,-0.02
34441,0.1687,10.22,1.31,-0.03
34446,0.0841,5.156,1.28,-0.02
34449,0.1103,6.434,1.28,-0.02
34451,0.2409,8.239,1.28,-0.02
34462,0.03957,16.97,1.52,0.459
34473,0.03889,16.623,1.47,0.441
34509,0.01985,17.127,1.44,0.413
34541,0.0435,11.265,0.79,-0.469
34547,0.043,10.2,0.74,0.0
34591,0.0234,21.297,1.66,0.607
34611,0.02544,20.905,1.46,0.519
34670,0.067,10.05,0.75,-0.597
34674,0.0182,1.85,0.75,-0.597
34739,0.08215,8.474,0.91,-0.139
34756,0.0499,16.01,1.48,0.49
34810,0.0673,12.812,1.71,0.647
34818,0.0266,13.473,1.01,-0.076
34865,0.0337,12.285,0.94,-0.114
34877,0.02508,14.404,1.1,0.083
34879,0.05503,16.107,1.35,0.436
34896,0.0545,21.745,1.8,1.215
34912,0.02024,13.899,1.32,0.428
34948,0.01652,15.861,1.01,-0.043
34970,0.0676,16.41,1.24,0.274
34973,0.03144,12.117,0.87,-0.313
34984,0.03138,12.005,0.84,-0.328
35070,0.03151,14.5,1.36,0.434
35138,0.0446,13.002,1.0,-0.021
35167,0.02312,15.838,0.89,-0.179
35214,0.03453,12.33,0.91,-0.198
35219,0.03963,10.604,0.85,-0.336
35323,0.04101,12.038,0.8,-0.463
35418,0.02648,14.247,1.06,-0.022
35446,0.06206,13.9,1.69,0.505
35484,0.03708,14.24,1.98,0.724
35489,0.05512,13.002,2.07,0.716
35516,0.02335,13.787,0.91,-0.129
35568,0.03908,16.018,1.28,0.246
35705,0.01,1.24,0.41,-1.63
35707,0.0571,2.03,0.69,-0.644
35708,0.05706,2.043,0.69,-0.676
35729,0.03673,11.422,1.01,-0.155
35743,0.0454,13.641,1.38,0.465
35776,0.0488,12.431,1.08,-0.056
35807,8.9,16.8,1.54,0.953
35871,0.06839,2.042,1.1,0.16
